TAX,LON,LAT,POP,RESP
Juniperus badia,-3.84,37.61,NA,NA
Juniperus badia,-3.7379,37.628,NA,NA
Juniperus badia,-3.7411624,37.6987655,NA,NA
Juniperus badia,-2.546,37.9449,NA,NA
Juniperus badia,-2.901151,37.9687789,NA,NA
Juniperus badia,-5.95,37.99,NA,NA
Juniperus badia,-2.28,38,NA,NA
Juniperus badia,-2.288,38.022,NA,NA
Juniperus badia,-4.0626,38.1482,NA,NA
Juniperus badia,-2.71,38.17,NA,NA
Juniperus badia,-2.298,38.194,NA,NA
Juniperus badia,-3.57,38.33,NA,NA
Juniperus badia,-1.964,38.335,NA,NA
Juniperus badia,-3.8823,38.339,NA,NA
Juniperus badia,-3.49,38.38,NA,NA
Juniperus badia,-3.762,38.4,NA,NA
Juniperus badia,-4.0666,38.4186,NA,NA
Juniperus badia,-4.0611802,38.4187751,NA,NA
Juniperus badia,-4.07,38.419998,NA,NA
Juniperus badia,-4.06,38.42,NA,NA
Juniperus badia,-4.06,38.425,NA,NA
Juniperus badia,-4.2845,38.4344,NA,NA
Juniperus badia,-3.9408,38.4377,NA,NA
Juniperus badia,-4.35,38.439999,NA,NA
Juniperus badia,-3.68,38.45,NA,NA
Juniperus badia,-3.682,38.455,NA,NA
Juniperus badia,-4.118,38.479,NA,NA
Juniperus badia,-3.69,38.48,NA,NA
Juniperus badia,-3.86,38.48,NA,NA
Juniperus badia,-3.8038,38.4837,NA,NA
Juniperus badia,-6.1,38.5,NA,NA
Juniperus badia,-2.5883,38.5218,NA,NA
Juniperus badia,-3.89,38.529999,NA,NA
Juniperus badia,-6.03,38.53,NA,NA
Juniperus badia,-5.5258,38.5494,NA,NA
Juniperus badia,-6.05,38.55,NA,NA
Juniperus badia,-6.05,38.56,NA,NA
Juniperus badia,-6.11,38.59,NA,NA
Juniperus badia,-2.23,38.6,NA,NA
Juniperus badia,-5.3,38.6,NA,NA
Juniperus badia,-5.9,38.6,NA,NA
Juniperus badia,-5.4,38.6,NA,NA
Juniperus badia,-5.5,38.6,NA,NA
Juniperus badia,-2.73,38.60872,NA,NA
Juniperus badia,-2.74,38.61,NA,NA
Juniperus badia,-4.6898,38.6185,NA,NA
Juniperus badia,-4.22,38.630001,NA,NA
Juniperus badia,-4.15,38.630001,NA,NA
Juniperus badia,-5.8732,38.6314,NA,NA
Juniperus badia,-3.89,38.65,NA,NA
Juniperus badia,-5.43,38.68,NA,NA
Juniperus badia,-5.24,38.69,NA,NA
Juniperus badia,-5.23,38.69,NA,NA
Juniperus badia,-5.21,38.7,NA,NA
Juniperus badia,-5.1,38.7,NA,NA
Juniperus badia,-5.51,38.71,NA,NA
Juniperus badia,-6.13,38.76,NA,NA
Juniperus badia,-5.16,38.77,NA,NA
Juniperus badia,-5.15,38.79,NA,NA
Juniperus badia,-5.8,38.8,NA,NA
Juniperus badia,-5.1,38.81,NA,NA
Juniperus badia,-3.87,38.83,NA,NA
Juniperus badia,-3.0935,38.874,NA,NA
Juniperus badia,-5.74,38.9,NA,NA
Juniperus badia,-5.04,38.93,NA,NA
Juniperus badia,-5.5,39,NA,NA
Juniperus badia,-5.48,39.03,NA,NA
Juniperus badia,-4.98,39.06,NA,NA
Juniperus badia,-4.98,39.07,NA,NA
Juniperus badia,-5.03,39.08,NA,NA
Juniperus badia,-5.3139,39.0943,NA,NA
Juniperus badia,-4.574,39.0977,NA,NA
Juniperus badia,-5.3,39.1,NA,NA
Juniperus badia,-4.56,39.1,NA,NA
Juniperus badia,-4.5857,39.1065,NA,NA
Juniperus badia,-4.85,39.11,NA,NA
Juniperus badia,-4.57,39.11,NA,NA
Juniperus badia,-5.17417,39.13944,NA,NA
Juniperus badia,-5.18,39.14,NA,NA
Juniperus badia,-5.19,39.14,NA,NA
Juniperus badia,-4.64,39.14,NA,NA
Juniperus badia,-5.19,39.15,NA,NA
Juniperus badia,-6.57,39.16,NA,NA
Juniperus badia,-5.14,39.18,NA,NA
Juniperus badia,-0.95,39.41,NA,NA
Juniperus badia,-0.93,39.41,NA,NA
Juniperus badia,-0.95583,39.41361,NA,NA
Juniperus badia,-2.24,39.43,NA,NA
Juniperus badia,-0.74,39.435,NA,NA
Juniperus badia,-5.23,39.44,NA,NA
Juniperus badia,-3.9,39.46,NA,NA
Juniperus badia,-5.6,39.5,NA,NA
Juniperus badia,-5.4,39.5,NA,NA
Juniperus badia,-5.11,39.51,NA,NA
Juniperus badia,-5.37,39.62,NA,NA
Juniperus badia,-5.65,39.65,NA,NA
Juniperus badia,-5.42,39.66,NA,NA
Juniperus badia,-1.46,39.7,NA,NA
Juniperus badia,-5.69,39.73,NA,NA
Juniperus badia,-1.05,39.76,NA,NA
Juniperus badia,-1.07,39.78,NA,NA
Juniperus badia,-5.64,39.79,NA,NA
Juniperus badia,-6.05,39.82,NA,NA
Juniperus badia,-0.25,39.85,NA,NA
Juniperus badia,0.69722,39.91472,NA,NA
Juniperus badia,-0.73,39.92,NA,NA
Juniperus badia,-0.73,39.93,NA,NA
Juniperus badia,-0.75,39.93,NA,NA
Juniperus badia,-0.75,39.94,NA,NA
Juniperus badia,-0.73,39.94,NA,NA
Juniperus badia,-0.75,39.95,NA,NA
Juniperus badia,-5.46,40.07,NA,NA
Juniperus badia,-6.1922,40.1005,NA,NA
Juniperus badia,-6.190833,40.102222,NA,NA
Juniperus badia,-5.59,40.14,NA,NA
Juniperus badia,-5.35,40.14,NA,NA
Juniperus badia,-0.7,40.15,NA,NA
Juniperus badia,-5.36,40.17,NA,NA
Juniperus badia,-0.6524,40.1747,NA,NA
Juniperus badia,-0.65,40.18,NA,NA
Juniperus badia,-0.63,40.18,NA,NA
Juniperus badia,-5.09,40.19,NA,NA
Juniperus badia,-5.04,40.2,NA,NA
Juniperus badia,-0.31,40.23,NA,NA
Juniperus badia,-0.83,40.23,NA,NA
Juniperus badia,-0.06,40.25,NA,NA
Juniperus badia,-0.2,40.29,NA,NA
Juniperus badia,-5.5426,40.2967,NA,NA
Juniperus badia,-0.23,40.3,NA,NA
Juniperus badia,-6.48,40.31,NA,NA
Juniperus badia,-0.35,40.31,NA,NA
Juniperus badia,-0.2,40.32,NA,NA
Juniperus badia,-0.26,40.32,NA,NA
Juniperus badia,-6.52,40.33,NA,NA
Juniperus badia,-5.478,40.332,NA,NA
Juniperus badia,-0.3289,40.3388,NA,NA
Juniperus badia,-0.27,40.36,NA,NA
Juniperus badia,-6.26,40.38,NA,NA
Juniperus badia,-6.26,40.39,NA,NA
Juniperus badia,-0.23,40.39,NA,NA
Juniperus badia,-6.24,40.4,NA,NA
Juniperus badia,-4.6597,40.4164,NA,NA
Juniperus badia,-6.15,40.42,NA,NA
Juniperus badia,-6.11,40.42,NA,NA
Juniperus badia,-0.2,40.42,NA,NA
Juniperus badia,-0.18,40.43,NA,NA
Juniperus badia,-0.18,40.44,NA,NA
Juniperus badia,-0.18111,40.445,NA,NA
Juniperus badia,-0.18056,40.44556,NA,NA
Juniperus badia,-6.12,40.45,NA,NA
Juniperus badia,-6.24,40.46,NA,NA
Juniperus badia,-0.23,40.48,NA,NA
Juniperus badia,-0.11,40.48,NA,NA
Juniperus badia,-6.11,40.48,NA,NA
Juniperus badia,-0.13,40.49,NA,NA
Juniperus badia,-0.35,40.49,NA,NA
Juniperus badia,-0.05,40.52,NA,NA
Juniperus badia,-3.7686,40.5203,NA,NA
Juniperus badia,0.11,40.57,NA,NA
Juniperus badia,-0.22,40.57,NA,NA
Juniperus badia,0.005,40.59,NA,NA
Juniperus badia,-4.15,40.63,NA,NA
Juniperus badia,0.22,40.66,NA,NA
Juniperus badia,0.1,40.66,NA,NA
Juniperus badia,-4.0671,40.7341,NA,NA
Juniperus badia,-3.5935,40.7375,NA,NA
Juniperus badia,-0.22,40.75,NA,NA
Juniperus badia,-0.33,40.76,NA,NA
Juniperus badia,-3.53,40.88,NA,NA
Juniperus badia,0.25,40.91,NA,NA
Juniperus badia,0.251228,40.910861,NA,NA
Juniperus badia,-6.85,40.98,NA,NA
Juniperus badia,-0.045373,41.004125,NA,NA
Juniperus badia,-6.89,41.029999,NA,NA
Juniperus badia,-6.85,41.029999,NA,NA
Juniperus badia,-6.84,41.029999,NA,NA
Juniperus badia,-6.74,41.029999,NA,NA
Juniperus badia,0.92,41.04,NA,NA
Juniperus badia,-6.75,41.110001,NA,NA
Juniperus badia,-6.76,41.119999,NA,NA
Juniperus badia,-6.76,41.130001,NA,NA
Juniperus badia,-6.51,41.25,NA,NA
Juniperus badia,1.15,41.31,NA,NA
Juniperus badia,0.94,41.34,NA,NA
Juniperus badia,-6.33985,41.363275,NA,NA
Juniperus badia,-1.34,41.4,NA,NA
Juniperus badia,1.33,41.9,NA,NA
Juniperus badia,1.3356,41.9041,NA,NA
Juniperus badia,1.22,41.92,NA,NA
Juniperus badia,1.25,41.93,NA,NA
Juniperus badia,1.2525,41.9375,NA,NA
Juniperus badia,0.05,42.04,NA,NA
Juniperus badia,0.058226,42.040109,NA,NA
Juniperus badia,0.674,42.055,NA,NA
Juniperus badia,0.54,42.07,NA,NA
Juniperus badia,0.587,42.107,NA,NA
Juniperus badia,0.5674,42.1185,NA,NA
Juniperus badia,0.016,42.175,NA,NA
Juniperus badia,1.37,42.18,NA,NA
Juniperus badia,1.42,42.18,NA,NA
Juniperus badia,-0.375,42.256001,NA,NA
Juniperus badia,-0.394,42.2767,NA,NA
Juniperus badia,2.92,42.28,NA,NA
Juniperus badia,2.9,42.28333,NA,NA
Juniperus badia,2.92139,42.28611,NA,NA
Juniperus badia,2.9073,42.2915,NA,NA
Juniperus badia,1.12,42.3,NA,NA
Juniperus badia,2.83333,42.3,NA,NA
Juniperus badia,1.07,42.32,NA,NA
Juniperus badia,0.39,42.41,NA,NA
Juniperus badia,-0.02,42.5,NA,NA
Juniperus badia,-2.53,42.52,NA,NA
Juniperus badia,-1.54,42.52,NA,NA
Juniperus badia,1.17,42.54,NA,NA
Juniperus badia,-0.62,42.56,NA,NA
Juniperus badia,-0.8937,42.5662,NA,NA
Juniperus badia,-2.78,42.59,NA,NA
Juniperus badia,-0.81,42.63,NA,NA
Juniperus badia,-1.31,42.63,NA,NA
Juniperus badia,-1.29,42.63,NA,NA
Juniperus badia,-1.23,42.66,NA,NA
Juniperus badia,-3.8574,42.8075,NA,NA
Juniperus badia,-3.58,42.89,NA,NA
Juniperus badia,-3.3699,43.0802,NA,NA
Juniperus oxycedrus,-0.54,38.33,NA,NA
Juniperus oxycedrus,-0.52,38.68,NA,NA
Juniperus oxycedrus,0.18,38.77,NA,NA
Juniperus oxycedrus,-0.09,38.53,NA,NA
Juniperus oxycedrus,-0.07,38.77,NA,NA
Juniperus oxycedrus,-0.99,38.52,NA,NA
Juniperus oxycedrus,-0.88,38.42,NA,NA
Juniperus oxycedrus,0.16,38.76,NA,NA
Juniperus oxycedrus,-2.8428,42.6124,NA,NA
Juniperus oxycedrus,-2.7689,42.8284,NA,NA
Juniperus oxycedrus,-2.78,42.59,NA,NA
Juniperus oxycedrus,-2.56,42.53,NA,NA
Juniperus oxycedrus,-2.35,42.74,NA,NA
Juniperus oxycedrus,-2.83,42.61,NA,NA
Juniperus oxycedrus,-2.43,42.69,NA,NA
Juniperus oxycedrus,-2.59,42.48,NA,NA
Juniperus oxycedrus,-2.57,42.59,NA,NA
Juniperus oxycedrus,-3.07,42.77,NA,NA
Juniperus oxycedrus,-2.35,42.71,NA,NA
Juniperus oxycedrus,-2.66,42.52,NA,NA
Juniperus oxycedrus,-3.07,42.79,NA,NA
Juniperus oxycedrus,-2.29,42.65,NA,NA
Juniperus oxycedrus,-2.39,42.57,NA,NA
Juniperus oxycedrus,-2.64,42.6,NA,NA
Juniperus oxycedrus,-3.05,42.84,NA,NA
Juniperus oxycedrus,-2.66,42.59,NA,NA
Juniperus oxycedrus,-2.35,42.73,NA,NA
Juniperus oxycedrus,-2.82,42.68,NA,NA
Juniperus oxycedrus,-2.7,42.53,NA,NA
Juniperus oxycedrus,-3.11,42.76,NA,NA
Juniperus oxycedrus,-2.84,42.66,NA,NA
Juniperus oxycedrus,-2.58,42.5,NA,NA
Juniperus oxycedrus,-2.33,42.71,NA,NA
Juniperus oxycedrus,-2.92,42.88,NA,NA
Juniperus oxycedrus,-2.77,42.87,NA,NA
Juniperus oxycedrus,-3.03,42.74,NA,NA
Juniperus oxycedrus,-2.58,42.51,NA,NA
Juniperus oxycedrus,-2.77,42.91,NA,NA
Juniperus oxycedrus,-2.52,38.51,NA,NA
Juniperus oxycedrus,-2.83,38.93,NA,NA
Juniperus oxycedrus,-1.2665,39.1044,NA,NA
Juniperus oxycedrus,-1.7266,38.5967,NA,NA
Juniperus oxycedrus,-1.23735,39.21173,NA,NA
Juniperus oxycedrus,-2.68,39.07,NA,NA
Juniperus oxycedrus,-2.4,38.45,NA,NA
Juniperus oxycedrus,-0.87,38.29,NA,NA
Juniperus oxycedrus,-0.93,38.62,NA,NA
Juniperus oxycedrus,-0.4,38.52,NA,NA
Juniperus oxycedrus,-0.64,38.69,NA,NA
Juniperus oxycedrus,-0.53,38.51,NA,NA
Juniperus oxycedrus,-0.7,38.48,NA,NA
Juniperus oxycedrus,-0.52,38.78,NA,NA
Juniperus oxycedrus,-0.7,38.47,NA,NA
Juniperus oxycedrus,-0.65,38.38,NA,NA
Juniperus oxycedrus,-0.59,38.36,NA,NA
Juniperus oxycedrus,-0.53,38.31,NA,NA
Juniperus oxycedrus,-0.37,38.52,NA,NA
Juniperus oxycedrus,-0.61,38.47,NA,NA
Juniperus oxycedrus,-0.02,38.66,NA,NA
Juniperus oxycedrus,-0.58,38.45,NA,NA
Juniperus oxycedrus,-0.79,38.4,NA,NA
Juniperus oxycedrus,-0.16,38.7,NA,NA
Juniperus oxycedrus,-0.05,38.56,NA,NA
Juniperus oxycedrus,-0.52,38.48,NA,NA
Juniperus oxycedrus,-1.02,38.45,NA,NA
Juniperus oxycedrus,-0.89,38.24,NA,NA
Juniperus oxycedrus,-0.87,38.69,NA,NA
Juniperus oxycedrus,-0.65,38.51,NA,NA
Juniperus oxycedrus,0.18,38.82,NA,NA
Juniperus oxycedrus,-0.04,38.63,NA,NA
Juniperus oxycedrus,-0.93,38.36,NA,NA
Juniperus oxycedrus,-0.19,38.59,NA,NA
Juniperus oxycedrus,-0.42,38.51,NA,NA
Juniperus oxycedrus,-0.65,38.33,NA,NA
Juniperus oxycedrus,-0.42,38.42,NA,NA
Juniperus oxycedrus,-0.78,38.27,NA,NA
Juniperus oxycedrus,0.17,38.81,NA,NA
Juniperus oxycedrus,-0.8706,38.4221,NA,NA
Juniperus oxycedrus,-1.023,38.458,NA,NA
Juniperus oxycedrus,-2.25,37,NA,NA
Juniperus oxycedrus,-2.52,36.86,NA,NA
Juniperus oxycedrus,-2.26,37.02,NA,NA
Juniperus oxycedrus,-5.21,36.56,NA,NA
Juniperus oxycedrus,1.88,41.3,NA,NA
Juniperus oxycedrus,1.88,41.33,NA,NA
Juniperus oxycedrus,1.74,41.59,NA,NA
Juniperus oxycedrus,2.0178,41.639,NA,NA
Juniperus oxycedrus,2.022,41.634,NA,NA
Juniperus oxycedrus,-3.7105,42.7905,NA,NA
Juniperus oxycedrus,-3.2946,42.7473,NA,NA
Juniperus oxycedrus,-3.46,43.02,NA,NA
Juniperus oxycedrus,-2.6,42.69,NA,NA
Juniperus oxycedrus,-3.24,43.1,NA,NA
Juniperus oxycedrus,-3.29,42.76,NA,NA
Juniperus oxycedrus,-3.47,43.03,NA,NA
Juniperus oxycedrus,-3.22,42.83,NA,NA
Juniperus oxycedrus,-2.69,42.77,NA,NA
Juniperus oxycedrus,0.1,40.66,NA,NA
Juniperus oxycedrus,0.22,40.66,NA,NA
Juniperus oxycedrus,0.01,40.12,NA,NA
Juniperus oxycedrus,-0.06,40.25,NA,NA
Juniperus oxycedrus,0.12,40.3,NA,NA
Juniperus oxycedrus,0.11,40.57,NA,NA
Juniperus oxycedrus,-0.01,40.12,NA,NA
Juniperus oxycedrus,-0.12,40.3,NA,NA
Juniperus oxycedrus,0.13,40.03,NA,NA
Juniperus oxycedrus,-0.12,40.12,NA,NA
Juniperus oxycedrus,-0.36,40.04,NA,NA
Juniperus oxycedrus,-0.25,39.85,NA,NA
Juniperus oxycedrus,-0.24,40.01,NA,NA
Juniperus oxycedrus,0.12,40.21,NA,NA
Juniperus oxycedrus,-0.37,39.95,NA,NA
Juniperus oxycedrus,2e-04,40.7,NA,NA
Juniperus oxycedrus,-0.1,40.75,NA,NA
Juniperus oxycedrus,-0.22,40.66,NA,NA
Juniperus oxycedrus,-0.004,40.59,NA,NA
Juniperus oxycedrus,-0.73,39.92,NA,NA
Juniperus oxycedrus,-0.25,39.83,NA,NA
Juniperus oxycedrus,-0.72,39.95,NA,NA
Juniperus oxycedrus,-0.12,40.21,NA,NA
Juniperus oxycedrus,-0.2,39.77,NA,NA
Juniperus oxycedrus,-0.2,39.75,NA,NA
Juniperus oxycedrus,-0.37,39.86,NA,NA
Juniperus oxycedrus,-0.26,39.76,NA,NA
Juniperus oxycedrus,-0.62,40.02,NA,NA
Juniperus oxycedrus,-0.56,40.08,NA,NA
Juniperus oxycedrus,-0.65,40.01,NA,NA
Juniperus oxycedrus,-0.66,40.02,NA,NA
Juniperus oxycedrus,0.32,40.27,NA,NA
Juniperus oxycedrus,-0.38,39.87,NA,NA
Juniperus oxycedrus,-0.15,40.62,NA,NA
Juniperus oxycedrus,-0.47,39.83,NA,NA
Juniperus oxycedrus,0.42,40.48,NA,NA
Juniperus oxycedrus,0.4154,40.476,NA,NA
Juniperus oxycedrus,0.3172,40.2756,NA,NA
Juniperus oxycedrus,-0.662,40.028,NA,NA
Juniperus oxycedrus,-4.33,37.35,NA,NA
Juniperus oxycedrus,-4.3,37.35,NA,NA
Juniperus oxycedrus,-5.2,37.34,NA,NA
Juniperus oxycedrus,-4.19,37.36,NA,NA
Juniperus oxycedrus,-4.3,37.44,NA,NA
Juniperus oxycedrus,-4.64,37.35,NA,NA
Juniperus oxycedrus,-4.3,37.26,NA,NA
Juniperus oxycedrus,-2.02,40.03,NA,NA
Juniperus oxycedrus,-1.5119,39.5313,NA,NA
Juniperus oxycedrus,3.31,42.31,NA,NA
Juniperus oxycedrus,2.82,42.32,NA,NA
Juniperus oxycedrus,-2.53,37.93,NA,NA
Juniperus oxycedrus,-3.73,36.87,NA,NA
Juniperus oxycedrus,-3.54,36.86,NA,NA
Juniperus oxycedrus,-3.19,37.51,NA,NA
Juniperus oxycedrus,-3.14,37.49,NA,NA
Juniperus oxycedrus,-3.2,37.5,NA,NA
Juniperus oxycedrus,-3.26,36.94,NA,NA
Juniperus oxycedrus,-3.99,36.92,NA,NA
Juniperus oxycedrus,-3.32,36.91,NA,NA
Juniperus oxycedrus,-3.28,36.93,NA,NA
Juniperus oxycedrus,-3.09,37.42,NA,NA
Juniperus oxycedrus,-3.53,37.36,NA,NA
Juniperus oxycedrus,-2.83,37.4,NA,NA
Juniperus oxycedrus,-2.72,37.45,NA,NA
Juniperus oxycedrus,-3.57,37.43,NA,NA
Juniperus oxycedrus,-3.68,37.24,NA,NA
Juniperus oxycedrus,-3.54,36.81,NA,NA
Juniperus oxycedrus,-2.47,37.51,NA,NA
Juniperus oxycedrus,-2.61,37.93,NA,NA
Juniperus oxycedrus,-3.59,37.03,NA,NA
Juniperus oxycedrus,-2.59,40.61,NA,NA
Juniperus oxycedrus,-0.163,42.125,NA,NA
Juniperus oxycedrus,0.2392,42.1561,NA,NA
Juniperus oxycedrus,0.089,41.9993,NA,NA
Juniperus oxycedrus,2.57,39.68,NA,NA
Juniperus oxycedrus,2.8587,39.8111,NA,NA
Juniperus oxycedrus,2.8762669,39.8072807,NA,NA
Juniperus oxycedrus,2.9237398,39.1315105,NA,NA
Juniperus oxycedrus,-2.882373,37.888126,NA,NA
Juniperus oxycedrus,-4.101,38.127,NA,NA
Juniperus oxycedrus,-2.94,37.9,NA,NA
Juniperus oxycedrus,-2.99,38.16,NA,NA
Juniperus oxycedrus,-2.64,38.24,NA,NA
Juniperus oxycedrus,-2.59,38.24,NA,NA
Juniperus oxycedrus,-2.68,38.22,NA,NA
Juniperus oxycedrus,-3.5015,37.7357,NA,NA
Juniperus oxycedrus,-3.4,37.72,NA,NA
Juniperus oxycedrus,-3.4548,37.7688,NA,NA
Juniperus oxycedrus,-3.3368,37.8093,NA,NA
Juniperus oxycedrus,-3.4,37.81,NA,NA
Juniperus oxycedrus,-3.51,37.81,NA,NA
Juniperus oxycedrus,-3.28,37.72,NA,NA
Juniperus oxycedrus,-2.0527,38.2483,NA,NA
Juniperus oxycedrus,-3.8595,38.3482,NA,NA
Juniperus oxycedrus,-4.1073,38.0847,NA,NA
Juniperus oxycedrus,-2.6013,38.2425,NA,NA
Juniperus oxycedrus,-2.6928,38.2157,NA,NA
Juniperus oxycedrus,-2.647,38.2336,NA,NA
Juniperus oxycedrus,-2.6236,38.3507,NA,NA
Juniperus oxycedrus,-3.1146,37.6753,NA,NA
Juniperus oxycedrus,0.7,41.41,NA,NA
Juniperus oxycedrus,1.61,42.04,NA,NA
Juniperus oxycedrus,0.88,42.3,NA,NA
Juniperus oxycedrus,1.32,42.35,NA,NA
Juniperus oxycedrus,0.76,42.1,NA,NA
Juniperus oxycedrus,0.76,42.3,NA,NA
Juniperus oxycedrus,0.674,42.046,NA,NA
Juniperus oxycedrus,-4.96501,36.71323,NA,NA
Juniperus oxycedrus,-4.965,36.719,NA,NA
Juniperus oxycedrus,-3.84528,36.76295,NA,NA
Juniperus oxycedrus,-4.4,37.061,NA,NA
Juniperus oxycedrus,-4.62997,36.70148,NA,NA
Juniperus oxycedrus,-4.60733,36.70697,NA,NA
Juniperus oxycedrus,-4.65244,36.69583,NA,NA
Juniperus oxycedrus,-4.64654,36.70137,NA,NA
Juniperus oxycedrus,-4.63555,36.70323,NA,NA
Juniperus oxycedrus,-5.206,36.526,NA,NA
Juniperus oxycedrus,-4.87662,36.74903,NA,NA
Juniperus oxycedrus,-4.865,36.757,NA,NA
Juniperus oxycedrus,-3.97,36.867,NA,NA
Juniperus oxycedrus,-4.66719,36.60004,NA,NA
Juniperus oxycedrus,-4.73,36.63,NA,NA
Juniperus oxycedrus,-4.75,36.614,NA,NA
Juniperus oxycedrus,-4.799,36.776,NA,NA
Juniperus oxycedrus,-3.779,36.751,NA,NA
Juniperus oxycedrus,-3.813,36.841,NA,NA
Juniperus oxycedrus,-3.959,36.849,NA,NA
Juniperus oxycedrus,-3.925,36.822,NA,NA
Juniperus oxycedrus,-4.015,36.866,NA,NA
Juniperus oxycedrus,-4.049,36.884,NA,NA
Juniperus oxycedrus,-4.095,36.929,NA,NA
Juniperus oxycedrus,-5.332,36.649,NA,NA
Juniperus oxycedrus,-5.16811,36.46994,NA,NA
Juniperus oxycedrus,-5.075,36.636,NA,NA
Juniperus oxycedrus,-4.929,36.621,NA,NA
Juniperus oxycedrus,-5.05193,36.66813,NA,NA
Juniperus oxycedrus,-4.61748,36.70606,NA,NA
Juniperus oxycedrus,-4.598503,36.643052,NA,NA
Juniperus oxycedrus,-4.63916,36.63275,NA,NA
Juniperus oxycedrus,-4.85551,36.84892,NA,NA
Juniperus oxycedrus,-4.822,36.821,NA,NA
Juniperus oxycedrus,-5.097,36.645,NA,NA
Juniperus oxycedrus,-4.845,36.838,NA,NA
Juniperus oxycedrus,-4.538,36.644,NA,NA
Juniperus oxycedrus,-4.61,36.65,NA,NA
Juniperus oxycedrus,-4.6,36.63,NA,NA
Juniperus oxycedrus,-4.79,36.91,NA,NA
Juniperus oxycedrus,-4.78,36.94,NA,NA
Juniperus oxycedrus,-4.9023,36.685,NA,NA
Juniperus oxycedrus,-4.95,36.44,NA,NA
Juniperus oxycedrus,-4.1125,36.904,NA,NA
Juniperus oxycedrus,-1.489,38.069,NA,NA
Juniperus oxycedrus,-1.165,38.28,NA,NA
Juniperus oxycedrus,-1.33,38.7,NA,NA
Juniperus oxycedrus,-1.431,38.14,NA,NA
Juniperus oxycedrus,-1.293,37.688,NA,NA
Juniperus oxycedrus,-1.17,37.605,NA,NA
Juniperus oxycedrus,-1.138,37.559,NA,NA
Juniperus oxycedrus,-1.23,38.25,NA,NA
Juniperus oxycedrus,-2.034,38.291,NA,NA
Juniperus oxycedrus,-2,38.236,NA,NA
Juniperus oxycedrus,-1.199,38.272,NA,NA
Juniperus oxycedrus,-1.188,38.263,NA,NA
Juniperus oxycedrus,-1.153,38.307,NA,NA
Juniperus oxycedrus,-1.984,37.75,NA,NA
Juniperus oxycedrus,-1.42,38.14,NA,NA
Juniperus oxycedrus,-1.803,37.721,NA,NA
Juniperus oxycedrus,-1.209,37.885,NA,NA
Juniperus oxycedrus,-1.22,37.894,NA,NA
Juniperus oxycedrus,-1.24,37.89,NA,NA
Juniperus oxycedrus,-2.207,38.166,NA,NA
Juniperus oxycedrus,-1.806,37.505,NA,NA
Juniperus oxycedrus,-1.656,37.71,NA,NA
Juniperus oxycedrus,-1.932,38.191,NA,NA
Juniperus oxycedrus,-2.242,38.094,NA,NA
Juniperus oxycedrus,-1.494,37.853,NA,NA
Juniperus oxycedrus,-1.573,37.863,NA,NA
Juniperus oxycedrus,-1.595,37.899,NA,NA
Juniperus oxycedrus,-1.623,38.242,NA,NA
Juniperus oxycedrus,-1.071,37.945,NA,NA
Juniperus oxycedrus,-1.64,37.759998,NA,NA
Juniperus oxycedrus,-1.58,37.8,NA,NA
Juniperus oxycedrus,-2.1,38.02,NA,NA
Juniperus oxycedrus,-1.639,37.7576,NA,NA
Juniperus oxycedrus,-1.1238,37.9308,NA,NA
Juniperus oxycedrus,-0.9833,37.6,NA,NA
Juniperus oxycedrus,-1.58,37.89,NA,NA
Juniperus oxycedrus,-1.363001,42.074037,NA,NA
Juniperus oxycedrus,-1.403958,42.386049,NA,NA
Juniperus oxycedrus,-1.580147,42.306495,NA,NA
Juniperus oxycedrus,-1.808,42.801998,NA,NA
Juniperus oxycedrus,-1.374,42.057999,NA,NA
Juniperus oxycedrus,-1.52,42.537998,NA,NA
Juniperus oxycedrus,-1.713,42.647999,NA,NA
Juniperus oxycedrus,-1.762,42.620998,NA,NA
Juniperus oxycedrus,-1.223,42.713001,NA,NA
Juniperus oxycedrus,-2.101221,42.758885,NA,NA
Juniperus oxycedrus,-2.275054,42.640087,NA,NA
Juniperus oxycedrus,-1.36,42.49,NA,NA
Juniperus oxycedrus,-1.48,42.49,NA,NA
Juniperus oxycedrus,-1.33,42.05,NA,NA
Juniperus oxycedrus,-2.11,42.61,NA,NA
Juniperus oxycedrus,-2.23,42.73,NA,NA
Juniperus oxycedrus,-2.27,42.73,NA,NA
Juniperus oxycedrus,4.1545,39.9989,NA,NA
Juniperus oxycedrus,-0.3,41.66,NA,NA
Juniperus oxycedrus,-5.79,37.18,NA,NA
Juniperus oxycedrus,-3.0494,41.784,NA,NA
Juniperus oxycedrus,-2.0368,41.906,NA,NA
Juniperus oxycedrus,0.26,40.86,NA,NA
Juniperus oxycedrus,0.27,40.76,NA,NA
Juniperus oxycedrus,0.2,41.02,NA,NA
Juniperus oxycedrus,0.44,41.03,NA,NA
Juniperus oxycedrus,0.34,40.67,NA,NA
Juniperus oxycedrus,0.44,41.12,NA,NA
Juniperus oxycedrus,0.33,40.76,NA,NA
Juniperus oxycedrus,0.45,40.85,NA,NA
Juniperus oxycedrus,0.23,40.87,NA,NA
Juniperus oxycedrus,-0.23,41.13,NA,NA
Juniperus oxycedrus,0.2,40.93,NA,NA
Juniperus oxycedrus,-0.44,39.63,NA,NA
Juniperus oxycedrus,-0.76,38.78,NA,NA
Juniperus oxycedrus,-1.08,39.6,NA,NA
Juniperus oxycedrus,-1.059,39.234,NA,NA
Juniperus oxycedrus,-0.4379,39.6297,NA,NA
Juniperus oxycedrus,-0.369975,39.697583,NA,NA
Juniperus oxycedrus,-1.0666,39.2274,NA,NA
Juniperus oxycedrus,-0.3421,39.087,NA,NA
Juniperus oxycedrus,-0.69,39.43,NA,NA
Juniperus oxycedrus,-0.89,39.65,NA,NA
Juniperus oxycedrus,-0.49,39.52,NA,NA
Juniperus oxycedrus,-0.62,39.32,NA,NA
Juniperus oxycedrus,-0.9,39.61,NA,NA
Juniperus oxycedrus,-0.38,39.68,NA,NA
Juniperus oxycedrus,-0.46,39.71,NA,NA
Juniperus oxycedrus,-0.81,39.52,NA,NA
Juniperus oxycedrus,-0.49,39.68,NA,NA
Juniperus oxycedrus,-0.26,39.67,NA,NA
Juniperus oxycedrus,-1.07,39.96,NA,NA
Juniperus oxycedrus,-0.37,39.69,NA,NA
Juniperus oxycedrus,-0.84,39.68,NA,NA
Juniperus oxycedrus,-0.5,39.41,NA,NA
Juniperus oxycedrus,-1.09,39.24,NA,NA
Juniperus oxycedrus,-1.08,39.42,NA,NA
Juniperus oxycedrus,-0.96,39.78,NA,NA
Juniperus oxycedrus,-0.41,38.78,NA,NA
Juniperus oxycedrus,-0.26,39.7,NA,NA
Juniperus oxycedrus,-0.47,39.67,NA,NA
Juniperus oxycedrus,-0.59,39.31,NA,NA
Juniperus oxycedrus,-0.51,39.77,NA,NA
Juniperus oxycedrus,-3.104,42.771999,NA,NA
Juniperus oxycedrus,0.02,41.23,NA,NA
Juniperus oxycedrus,-0.929,41.619,NA,NA
Juniperus oxycedrus,-1.4945,41.3778,NA,NA
Juniperus oxycedrus,-1.73,41.66,NA,NA
Juniperus oxycedrus,-1.73,41.65,NA,NA
Juniperus oxycedrus,-1.64,41.66,NA,NA
Juniperus oxycedrus,-1.82,41.87,NA,NA
Juniperus oxycedrus,-1.57,41.74,NA,NA
Juniperus oxycedrus,-1.68,41.73,NA,NA
Juniperus badia,-3.16987,40.98936,ARBGU,R-
Juniperus badia,-4.43504,40.24535,CENMA,R-
Juniperus badia,-5.48048,39.61577,ROBCC,R-
Juniperus badia,-6.22775,40.38977,NUNCC,R-
Juniperus badia,-6.3658,41.37848,VILZA,R-
Juniperus badia,-5.51278,42.65648,VILLE,R-
Juniperus badia,-7.67491,39.64096,PORNI,R-
Juniperus badia,-5.40437,38.68535,BENBA,R-
Juniperus badia,-3.83286,38.65738,CALCR,R-
Juniperus oxycedrus,-1.64935,41.66651,TRAZA,R+
Juniperus oxycedrus,-1.0058,42.16495,LUNZA,R+
Juniperus oxycedrus,0.39042,41.39422,GRALL,R+
Juniperus oxycedrus,0.71105,41.01725,TIVTA,R+
Juniperus oxycedrus,-0.5455,40.02649,MONCS,R+
Juniperus oxycedrus,-0.56432,39.41989,TORVA,R+
Juniperus oxycedrus,-1.47344,39.03498,POZAL,R+
Juniperus oxycedrus,-1.74328,38.41863,HELAL,R+
Juniperus oxycedrus,-2.82256,38.07534,SANJA,R+
Juniperus oxycedrus,-3.97476,36.84087,CANMA,R+
Juniperus oxycedrus,-5.20546,36.48303,ESTMA,R+
Juniperus oxycedrus,-2.04812,39.69323,BARCU,R+
Juniperus oxycedrus,-2.34722,42.56463,ARANA,R+
